NO,기업명,기업코드,ESG등급,환경,사회,지배구조,평가년도,ESG 등급조정,환경 등급조정,사회 등급조정,지배구조 등급조정,ESG점수,E점수,S점수,G점수
527,신한은행,000010,등급없음,등급없음,등급없음,A,2025,,,,,0,0,0,8
751,동화약품,000020,C,B,C,C,2025,,,,,4,6,4,4
413,우리은행,000030,등급없음,등급없음,등급없음,B+,2025,,,,,0,0,0,7
999,KR모터스,000040,D,C,D,D,2025,,,,,2,4,2,2
900,경방,000050,C,C,D,C,2025,,,,,4,4,2,4
703,메리츠화재해상보험,000060,등급없음,등급없음,등급없음,B+,2025,,,,,0,0,0,7
620,삼양홀딩스,000070,B+,A,A,B,2025,,,,,7,8,8,6
145,하이트진로,000080,B,B+,A,C,2025,,,,,6,7,8,4
373,유한양행,000100,A,B+,A+,A,2025,,,,,8,7,9,8
134,한국스탠다드차타드은행,000110,등급없음,등급없음,등급없음,A+,2025,,,,,0,0,0,9
1078,CJ대한통운,000120,B,A,A+,C,2025,통합 등급조정(2025.11.),,,지배구조 등급조정(2025.11.),6,8,9,4
144,하이트진로홀딩스,000140,C,B+,A,C,2025,,,,,4,7,8,4
750,두산,000150,A,A,A+,B+,2025,,,,,8,8,9,7
577,성창기업지주,000180,D,C,D,D,2025,,,,,2,4,2,2
1066,DL,000210,A,A+,A,A,2025,,,사회 등급조정(2026.01.),,8,9,8,8
378,유유제약,000220,D,D,C,D,2025,,,,,2,2,4,2
339,일동홀딩스,000230,A,A,A+,B+,2025,,,,,8,8,9,7
132,한국앤컴퍼니,000240,B,B+,A+,C,2025,통합 등급조정(2025.11.),,,지배구조 등급조정(2025.11.),6,7,9,4
609,삼천당제약,000250,D,D,D,C,2025,,,,,2,2,2,4
864,기아,000270,B+,A+,A,B,2025,통합 등급조정(2026.01.),,사회 등급조정(2026.01.),,7,9,8,6
1068,DH오토넥스,000300,D,D,D,D,2025,,,,,2,2,2,2
841,노루홀딩스,000320,B+,A,A+,B,2025,,,,,7,8,9,6
67,한화손해보험,000370,A,A+,A,B+,2025,,,,,8,9,8,7
601,삼화페인트공업,000390,B+,B+,B+,B+,2025,,,,,7,7,7,7
727,롯데손해보험,000400,B+,B+,A,B+,2025,,,,,7,7,8,7
806,대원강업,000430,A,B+,A,A,2025,,,,,8,7,8,8
546,시알홀딩스,000480,C,B+,A,D,2025,,,,,4,7,8,2
822,대동,000490,A,A,A+,B+,2025,,,,,8,8,9,7
911,가온전선,000500,B+,A,A+,B,2025,,,,,7,8,9,6
612,삼일제약,000520,C,B,C,C,2025,,,,,4,6,4,4
2,흥국화재,000540,B+,B+,B,B+,2025,,,,,7,7,6,7
1074,CS홀딩스,000590,C,D,D,B,2025,,,,,4,2,2,6
767,동아쏘시오홀딩스,000640,A,A,A+,A,2025,,,,,8,8,9,8
279,천일고속,000650,C,C,D,C,2025,,,,,4,4,2,4
931,SK하이닉스,000660,A,A,A+,B+,2025,,,,,8,8,9,7
431,영풍,000670,B,B,A,C,2025,,,,,6,6,8,4
980,LS네트웍스,000680,C,B,B+,C,2025,,,,,4,6,7,4
381,유수홀딩스,000700,B+,B,A,B+,2025,,,,,7,6,8,7
57,현대건설,000720,A,A,A+,A,2025,,,,,8,8,9,8
353,이화산업,000760,D,D,D,D,2025,,,,,2,2,2,2
627,삼성화재해상보험,000810,A,A,A+,A,2025,,,,,8,8,9,8
17,화천기공,000850,C,D,C,C,2025,,,,,4,2,4,4
909,강남제비스코,000860,B+,B+,A,B+,2025,,,,,7,7,8,7
70,한화,000880,A,A,A,B+,2025,,,,,8,8,8,7
663,보해양조,000890,D,D,D,C,2025,,,,,2,2,2,4
386,유니온,000910,C,C,C,C,2025,,,,,4,4,4,4
324,전방,000950,D,C,D,D,2025,,,,,2,4,2,2
124,한국주철관공업,000970,D,C,D,D,2025,,,,,2,4,2,2
1069,DB하이텍,000990,B+,B+,A,B+,2025,,,,,7,7,8,7
180,페이퍼코리아,001020,D,C,D,D,2025,,,,,2,4,2,2
1082,CJ,001040,B+,A,A+,B,2025,통합 등급조정(2025.11.),,,지배구조 등급조정(2025.11.),7,8,9,6
1019,JW중외제약,001060,B+,B+,A,B+,2025,,,,,7,7,8,7
798,대한방직,001070,D,C,D,D,2025,,,,,2,4,2,2
711,만호제강,001080,D,D,D,D,2025,,,,,2,2,2,2
974,LX인터내셔널,001120,A,B+,A,A,2025,,,,,8,7,8,8
793,대한제분,001130,C,C,C,C,2025,,,,,4,4,4,4
879,국보,001140,D,C,D,D,2025,,,,,2,4,2,2
376,유진증권,001200,B+,B,A,B,2025,,,,지배구조 등급조정(2025.11.),7,6,8,6
868,금호전기,001210,D,C,C,D,2025,,,,,2,4,4,2
775,동국홀딩스,001230,B+,B+,A,B+,2025,,,,,7,7,8,7
1052,GS글로벌,001250,A,B+,A,A,2025,,,,,8,7,8,8
858,남광토건,001260,D,C,D,D,2025,,,,,2,4,2,2
661,부국증권,001270,C,D,C,B,2025,,,,,4,2,4,6
600,상상인증권,001290,B,D,B,B,2025,,,,,6,2,6,6
960,PKC,001340,D,C,D,D,2025,,,,,2,4,2,2
632,삼성제약,001360,D,D,D,D,2025,,,,,2,2,2,2
951,SG글로벌,001380,D,C,D,D,2025,,,,,2,4,2,2
1004,KG케미칼,001390,C,B+,B+,D,2025,,,,,4,7,7,2
208,태원물산,001420,D,D,D,D,2025,,,,,2,2,2,2
573,세아베스틸지주,001430,A,A,A,A,2025,,,,,8,8,8,8
796,대한전선,001440,A,A,A,B+,2025,,,,,8,8,8,7
31,현대해상,001450,A,A+,A,A,2025,,,,,8,9,8,8
1083,BYC,001460,D,D,D,C,2025,,,,,2,2,2,4
38,현대차증권,001500,A,A,A+,B+,2025,,,,,8,8,9,7
934,SK증권,001510,A,A+,A+,B+,2025,,,,,8,9,9,7
764,동양,001520,B+,A,A+,B,2025,,,,,7,8,9,6
739,디아이동일,001530,D,D,C,D,2025,,,,,2,2,4,2
306,조비,001550,D,D,C,D,2025,,,,,2,2,4,2
314,제일연마,001560,C,C,C,C,2025,,,,,4,4,4,4
872,금양,001570,D,C,D,D,2025,,,,,2,4,2,2
262,케이비아이동국실업,001620,D,C,C,D,2025,,,,,2,4,4,2
299,종근당홀딩스,001630,A,A,A,A,2025,,,,,8,8,8,8
818,대상,001680,B+,A,A+,B,2025,,,,,7,8,9,6
533,신영증권,001720,B+,B+,A,B+,2025,,,,,7,7,8,7
942,SK네트웍스,001740,A,A,A+,A,2025,,,,,8,8,9,8
87,한양증권,001750,B,D,B,B,2025,,,,,6,2,6,6
949,SHD,001770,D,D,D,C,2025,,,,,2,2,2,4
482,알루코,001780,C,C,B,C,2025,,,,,4,4,6,4
794,대한제당,001790,D,C,C,D,2025,,,,,2,4,4,2
425,오리온홀딩스,001800,B+,B+,A,B+,2025,,,,,7,7,8,7
602,삼화콘덴서공업,001820,C,C,C,C,2025,,,,,4,4,4,4
1002,KISCO홀딩스,001940,C,C,B,D,2025,,,,,4,4,6,2
236,코오롱,002020,B+,B+,A,B,2025,,,,,7,7,8,6
505,아세아,002030,B+,B+,A,B+,2025,,,,,7,7,8,7
654,비비안,002070,D,D,D,D,2025,,,,,2,2,2,2
904,경농,002100,D,C,D,D,2025,,,,,2,4,2,2
894,고려산업,002140,D,D,D,C,2025,,,,,2,2,2,4
779,도화엔지니어링,002150,C,C,C,C,2025,,,,,4,4,4,4
622,삼양통상,002170,D,D,D,C,2025,,,,,2,2,2,4
136,한국수출포장공업,002200,C,C,C,B,2025,,,,,4,4,4,6
769,동성제약,002210,D,D,D,D,2025,,,,,2,2,2,2
82,한일철강,002220,D,D,D,D,2025,,,,,2,2,2,2
892,고려제강,002240,D,C,D,D,2025,,,,,2,4,2,2
503,아세아제지,002310,B+,B+,A,B,2025,,,,,7,7,8,6
76,한진,002320,A,A,A,B+,2025,,,,,8,8,8,7
848,넥센타이어,002350,B,A,A+,C,2025,,,,,6,8,9,4
948,SH에너지화학,002360,C,C,D,B,2025,,,,,4,4,2,6
258,케이씨씨,002380,B,B+,A,C,2025,,,,,6,7,8,4
109,한독,002390,A,A,A+,B+,2025,,,,,8,8,9,7
668,범양건영,002410,D,D,D,D,2025,,,,,2,2,2,2
576,세기상사,002420,C,D,D,B,2025,,,,,4,2,2,6
614,삼익악기,002450,D,D,D,D,2025,,,,,2,2,2,2
1025,HS화성,002460,C,C,B,B,2025,,,,,4,4,6,6
1014,KB손해보험,002550,등급없음,등급없음,등급없음,A,2025,,,,,0,0,0,8
302,조흥,002600,C,B,C,C,2025,,,,,4,6,4,4
313,제일파마홀딩스,002620,B+,B,A,B+,2025,,,,,7,6,8,7
427,오리엔트바이오,002630,D,D,D,D,2025,,,,,2,2,2,2
754,동일제강,002690,C,C,D,C,2025,,,,,4,4,2,4
531,신일전자,002700,D,D,D,D,2025,,,,,2,2,2,2
918,TCC스틸,002710,B+,B+,A,B,2025,,,,,7,7,8,6
877,국제약품,002720,D,D,D,C,2025,,,,,2,2,2,4
666,보락,002760,D,D,D,D,2025,,,,,2,2,2,2
283,진흥기업,002780,D,D,C,C,2025,,,,,2,2,4,4
506,아모레퍼시픽홀딩스,002790,A,A,A+,A,2025,,,,,8,8,9,8
618,삼영무역,002810,C,D,D,B,2025,,,,,4,2,2,6
919,SUN&L,002820,C,C,C,B,2025,,,,,4,4,4,6
677,미원상사,002840,C,C,D,B,2025,,,,,4,4,2,6
530,신풍,002870,D,D,D,D,2025,,,,,2,2,2,2
802,대유에이텍,002880,C,C,B,C,2025,,,,,4,4,6,4
916,TYM,002900,C,B+,A,D,2025,,,,,4,7,8,2
382,유성기업,002920,C,C,C,C,2025,,,,,4,4,4,4
135,한국쉘석유,002960,C,D,C,B,2025,,,,,4,2,4,6
871,금호건설,002990,C,B,C,C,2025,,,사회 등급조정(2026.01.),,4,6,4,4
662,부광약품,003000,B+,B+,A,B+,2025,,,,,7,7,8,7
28,혜인,003010,D,D,D,D,2025,,,,,2,2,2,2
571,세아제강지주,003030,C,B+,A,C,2025,,,,,4,7,8,4
455,에이프로젠바이오로직스,003060,D,C,D,D,2025,,,,,2,4,2,2
234,코오롱글로벌,003070,B+,B+,B+,B+,2025,,,,,7,7,7,7
955,SB성보,003080,D,D,C,C,2025,,,,,2,2,4,4
808,대웅,003090,B,A,A+,C,2025,,,,,6,8,9,4
337,일성아이에스,003120,D,D,D,D,2025,,,,,2,2,2,2
740,디아이,003160,D,C,C,D,2025,,,,,2,4,4,2
336,일신방직,003200,D,C,C,D,2025,,,,,2,4,4,2
804,대원제약,003220,A,B+,A+,B+,2025,,,,,8,7,9,7
624,삼양식품,003230,A+,A+,A+,A,2025,,,,,9,9,9,8
212,태광산업,003240,B+,A,A+,B,2025,,,,,7,8,9,6
1,흥아해운,003280,C,B,B+,C,2025,,,,,4,6,7,4
80,한일홀딩스,003300,B+,A,A+,B,2025,,,,,7,8,9,6
112,한국화장품제조,003350,D,C,C,D,2025,,,,,2,4,4,2
148,하림지주,003380,B+,A,A,B,2025,,,,,7,8,8,6
261,케이비증권,003450,등급없음,등급없음,등급없음,B+,2025,,,,지배구조 등급조정(2025.11.),0,0,0,7
372,유화증권,003460,D,D,C,D,2025,,,,,2,2,4,2
380,유안타증권,003470,C,C,D,C,2025,,,,지배구조 등급조정(2025.11.),4,4,2,4
75,한진중공업홀딩스,003480,D,D,C,D,2025,,,,,2,2,4,2
792,대한항공,003490,A,A,A,B+,2025,,,,,8,8,8,7
432,영진약품,003520,B+,B+,A,B+,2025,,,,,7,7,8,7
61,한화투자증권,003530,A,A,A+,B+,2025,,,,,8,8,9,7
812,대신증권,003540,B,B+,B+,B,2025,,,,,6,7,7,6
991,LG,003550,A,B+,A+,B+,2025,,,,,8,7,9,7
493,아이에이치큐,003560,D,D,D,D,2025,,,,,2,2,2,2
928,SNT다이내믹스,003570,D,C,C,D,2025,,,,,2,4,4,2
1033,HLB글로벌,003580,D,D,D,D,2025,,,,,2,2,2,2
670,방림,003610,D,C,D,D,2025,,,,,2,4,2,2
1008,KG모빌리티,003620,C,B,B,D,2025,,,,,4,6,6,2
673,미창석유공업,003650,D,C,D,D,2025,,,,,2,4,2,2
172,포스코퓨처엠,003670,A,A,A+,A,2025,,,,,8,8,9,8
102,한성기업,003680,B,B+,A,C,2025,,,,,6,7,8,4
244,코리안리,003690,A,A,A+,A,2025,,,,,8,8,9,8
619,삼영,003720,D,C,D,D,2025,,,,,2,4,2,2
289,진양산업,003780,D,D,D,D,2025,,,,,2,2,2,2
790,대한화섬,003830,B+,B+,A,B,2025,,,,,7,7,8,6
665,보령,003850,A,A,A+,B+,2025,,,,,8,8,9,7
855,남양유업,003920,B,A,A+,C,2025,,,,,6,8,9,4
647,사조대림,003960,A,A,A,B+,2025,,,,,8,8,8,7
722,롯데정밀화학,004000,A,A,A+,A,2025,,,,,8,8,9,8
40,현대제철,004020,B+,B+,A+,B,2025,,,,,7,7,9,6
950,SG세계물산,004060,D,D,C,D,2025,,,,,2,2,4,2
521,신흥,004080,C,D,C,C,2025,,,,,4,2,4,4
137,한국석유공업,004090,B+,B+,B+,A,2025,,,,,7,7,7,8
210,태양금속공업,004100,D,C,C,D,2025,,,,,2,4,4,2
773,동방,004140,C,B,B+,C,2025,,,,,4,6,7,4
91,한솔홀딩스,004150,A,A,A,A,2025,,,,,8,8,8,8
539,신세계,004170,A+,A+,A+,A,2025,,,,,9,9,9,8
441,엔피씨,004250,D,C,C,D,2025,,,,,2,4,4,2
856,남성,004270,D,D,C,D,2025,,,,,2,2,4,2
47,현대약품,004310,C,C,B,D,2025,,,,,4,4,6,2
575,세방,004360,B,B+,B+,C,2025,,,,,6,7,7,4
838,농심,004370,B,A,A+,D,2025,,,,,6,8,9,2
615,삼익THK,004380,C,C,C,C,2025,,,,,4,4,4,4
589,서울식품공업,004410,D,C,D,D,2025,,,,,2,4,2,2
555,송원산업,004430,C,B+,A,D,2025,,,,,4,7,8,2
613,삼일씨엔에스,004440,D,C,D,D,2025,,,,,2,4,2,2
605,삼화왕관,004450,D,C,D,D,2025,,,,,2,4,2,2
574,세방전지,004490,B,A,A,D,2025,,,,,6,8,8,2
861,깨끗한나라,004540,B,B,B+,B,2025,,,,,6,6,7,6
48,현대비앤지스틸,004560,B+,B+,A,B,2025,,,,,7,7,8,6
608,삼천리,004690,C,B+,B+,D,2025,,,,,4,7,7,2
307,조광피혁,004700,D,D,D,D,2025,,,,,2,2,2,2
93,한솔테크닉스,004710,A,B+,A,A,2025,,,,,8,7,8,8
185,팜젠사이언스,004720,B,B+,A,C,2025,,,,,6,7,8,4
517,써니전자,004770,D,C,D,D,2025,,,,,2,4,2,2
14,효성,004800,A,A,A+,B+,2025,,,,,8,8,9,7
782,덕성,004830,D,C,C,D,2025,,,,,2,4,4,2
1063,DRB동일,004840,B+,B+,A,B+,2025,,,,,7,7,8,7
195,티웨이홀딩스,004870,D,D,D,D,2025,,,,,2,2,2,2
755,동일산업,004890,C,C,C,C,2025,,,,,4,4,4,4
308,조광페인트,004910,B+,A,A,B,2025,,,,,7,8,8,6
514,씨아이테크,004920,D,D,D,D,2025,,,,,2,2,2,2
155,하나은행,004940,등급없음,등급없음,등급없음,A,2025,,,,,0,0,0,8
89,한신공영,004960,D,C,C,D,2025,,,,,2,4,4,2
543,신라교역,004970,D,D,D,C,2025,,,,,2,2,2,4
581,성신양회,004980,B+,B+,A,B,2025,,,,,7,7,8,6
721,롯데지주,004990,A,A,A+,B+,2025,,,,,8,8,9,7
6,휴스틸,005010,C,C,C,C,2025,,,,,4,4,4,4
657,부산주공,005030,D,C,C,D,2025,,,,,2,4,4,2
239,코스모신소재,005070,C,C,D,C,2025,,,,,4,4,2,4
952,SGC에너지,005090,B+,B+,A,B,2025,,,,,7,7,8,6
73,한창,005110,D,D,D,D,2025,,,,,2,2,2,2
649,빙그레,005180,A,A,A+,B+,2025,,,,,8,8,9,7
839,녹십자홀딩스,005250,B+,A,A,B,2025,,,,,7,8,8,6
491,아이엠뱅크,005270,등급없음,등급없음,등급없음,B+,2025,,,,,0,0,0,7
658,부산은행,005280,등급없음,등급없음,등급없음,A,2025,,,,,0,0,0,8
753,동진쎄미켐,005290,B,A,A+,D,2025,,,,,6,8,9,2
720,롯데칠성음료,005300,A,A,A+,B+,2025,,,,,8,8,9,7
421,온타이드,005320,D,D,D,D,2025,,,,,2,2,2,2
694,모나미,005360,D,D,C,D,2025,,,,,2,2,4,2
41,현대자동차,005380,A,A+,A,B+,2025,,,,,8,9,8,7
540,신성통상,005390,D,C,D,D,2025,,,,,2,4,2,2
238,코스모화학,005420,C,C,C,C,2025,,,,,4,4,4,4
142,한국공항,005430,A,A,A+,B+,2025,,,,,8,8,9,7
39,현대지에프홀딩스,005440,A,A,A+,A,2025,,,,,8,8,9,8
959,POSCO홀딩스,005490,A+,A,A+,A+,2025,,,,,9,8,9,9
610,삼진제약,005500,B+,B,B+,B+,2025,,,,,7,6,7,7
923,SPC삼립,005610,B,B+,A,C,2025,,,,,6,7,8,4
171,푸드웰,005670,D,C,C,D,2025,,,,,2,4,4,2
617,삼영전자공업,005680,D,C,C,D,2025,,,,,2,4,4,2
189,파미셀,005690,D,D,D,D,2025,,,,,2,2,2,2
849,넥센,005720,B,B+,A,C,2025,,,,,6,7,8,4
221,크라운해태홀딩스,005740,B,B,B+,B,2025,,,,,6,6,7,6
820,대림바스,005750,C,C,C,B,2025,,,,,4,4,4,6
534,신영와코루,005800,D,D,D,D,2025,,,,,2,2,2,2
167,풍산홀딩스,005810,B+,B,A,B+,2025,,,,,7,6,8,7
403,원림,005820,D,D,D,D,2025,,,,,2,2,2,2
1071,DB손해보험,005830,B+,A,A,B+,2025,,,,,7,8,8,7
474,에스엘,005850,A,B+,A+,B+,2025,,,,,8,7,9,7
8,휴니드테크놀러지스,005870,D,C,C,D,2025,,,,,2,4,4,2
791,대한해운,005880,B,A,A,C,2025,,,,,6,8,8,4
633,삼성전자,005930,A,B+,A+,B+,2025,,,,,8,7,9,7
967,NH투자증권,005940,B+,A,A,B+,2025,통합 등급조정(2025.11.),,,지배구조 등급조정(2025.11.),7,8,8,7
361,이수화학,005950,C,B,B+,D,2025,,,,,4,6,7,2
771,동부건설,005960,B+,B+,B+,B,2025,,,,,7,7,7,6
760,동원산업,006040,A,A,A+,B+,2025,,,,,8,8,9,7
23,화승인더스트리,006060,B+,B+,B+,B,2025,,,,,7,7,7,6
643,사조오양,006090,C,B,B+,C,2025,,,,,4,6,7,4
626,삼아알미늄,006110,D,C,C,D,2025,,,,,2,4,4,2
941,SK디스커버리,006120,A,A,A+,A,2025,,,,,8,8,9,8
129,한국전자홀딩스,006200,D,C,D,D,2025,,,,,2,4,2,2
311,제주은행,006220,A,B+,A,A,2025,,,,,8,7,8,8
981,LS,006260,B+,A,A+,B,2025,,,,,7,8,9,6
840,녹십자,006280,A,A,A,B+,2025,,,,,8,8,8,7
805,대원전선,006340,D,C,D,D,2025,,,,,2,4,2,2
323,전북은행,006350,등급없음,등급없음,등급없음,B+,2025,,,,,0,0,0,7
1053,GS건설,006360,A,A,A+,B+,2025,,,,,8,8,9,7
825,대구백화점,006370,D,D,C,D,2025,,,,,2,2,4,2
270,카프로,006380,C,C,C,C,2025,,,,,4,4,4,4
81,한일현대시멘트,006390,B+,A,B+,B+,2025,통합 등급조정(2025.11.),,사회 등급조정(2025.11.),,7,8,7,7
640,삼성SDI,006400,A,A,A+,B+,2025,,,,,8,8,9,7
349,인스코비,006490,D,D,D,D,2025,,,,,2,2,2,2
819,대림통상,006570,D,C,C,D,2025,,,,,2,4,4,2
797,대한유화,006650,B+,B+,B+,B,2025,,,,,7,7,7,6
639,삼성공조,006660,D,D,C,C,2025,,,,,2,2,4,4
595,서부T&D,006730,D,C,D,D,2025,,,,,2,4,2,2
655,블루산업개발,006740,D,C,D,D,2025,,,,,2,4,2,2
680,미래에셋증권,006800,B,A,A,C,2025,통합 등급조정(2025.11.),,,지배구조 등급조정(2025.11.),6,8,8,4
1090,AK홀딩스,006840,A,A,A+,B+,2025,,,,,8,8,9,7
535,신송홀딩스,006880,D,D,D,D,2025,,,,,2,2,2,2
213,태경케미컬,006890,D,D,D,D,2025,,,,,2,2,2,2
410,우성,006980,C,B,B+,D,2025,,,,,4,6,7,2
1051,GS리테일,007070,A+,A+,A+,A,2025,,,,,9,9,9,8
335,일신석재,007110,D,C,C,D,2025,,,,,2,4,4,2
683,미래아이앤지,007120,D,D,D,D,2025,,,,,2,2,2,2
645,사조산업,007160,B+,B+,B+,B+,2025,,,,,7,7,7,7
667,벽산,007210,C,B+,B+,D,2025,,,,,4,7,7,2
115,한국특강,007280,D,C,C,D,2025,,,,,2,4,4,2
428,오뚜기,007310,A,A,A+,B+,2025,,,,,8,8,9,7
1064,DN오토모티브,007340,C,B,B+,D,2025,,,,,4,6,7,2
851,네이처셀,007390,D,D,D,D,2025,,,,,2,2,2,2
456,에이프로젠,007460,D,D,C,D,2025,,,,,2,2,4,2
597,샘표,007540,C,B,B+,D,2025,,,,,4,6,7,2
334,일양약품,007570,D,D,C,D,2025,통합 등급조정(2025.11.),,,지배구조 등급조정(2025.11.),2,2,4,2
772,동방아그로,007590,C,D,D,B,2025,,,,,4,2,2,6
585,선도전기,007610,D,C,D,D,2025,,,,,2,4,2,2
362,이수페타시스,007660,B,B+,A+,D,2025,,,,,6,7,9,2
881,국도화학,007690,C,C,B+,C,2025,,,,,4,4,7,4
1056,F&F 홀딩스,007700,A,A,A+,A,2025,,,,,8,8,9,8
560,소노스퀘어,007720,D,D,D,D,2025,,,,,2,2,2,2
246,코리아써키트,007810,C,B,B+,D,2025,,,,,4,6,7,2
471,에스엠코어,007820,C,D,C,C,2025,,,,,4,2,4,4
594,서연,007860,B+,B+,A,B+,2025,,,,,7,7,8,7
917,TP,007980,C,D,C,C,2025,,,,,4,2,4,4
646,사조동아원,008040,B+,B+,A,B,2025,,,,,7,7,8,6
824,대덕,008060,B,B+,A+,C,2025,,,,,6,7,9,4
821,대동전자,008110,D,D,D,D,2025,,,,,2,2,2,2
369,이건산업,008250,D,D,D,C,2025,,,,,2,2,2,4
964,NI스틸,008260,D,D,C,C,2025,,,,,2,2,4,4
642,산은캐피탈,008270,등급없음,등급없음,등급없음,B,2025,,,,,0,0,0,6
857,남선알미늄,008350,D,C,D,D,2025,,,,,2,4,2,2
686,문배철강,008420,D,D,C,D,2025,,,,,2,2,4,2
586,서흥,008490,B,B+,A,C,2025,,,,,6,7,8,4
333,일정실업,008500,D,D,D,D,2025,,,,,2,2,2,2
705,메리츠증권,008560,등급없음,등급없음,등급없음,B,2025,,,,,0,0,0,6
391,윌비스,008600,C,D,C,C,2025,,,,,4,2,4,4
523,신한투자증권,008670,등급없음,등급없음,등급없음,A,2025,,,,,0,0,0,8
508,아남전자,008700,D,D,D,D,2025,,,,,2,2,2,2
370,율촌화학,008730,D,C,C,D,2025,,,,,2,4,4,2
26,호텔신라,008770,A,A,A,A,2025,,,,,8,8,8,8
873,금비,008870,D,C,D,D,2025,,,,,2,4,2,2
106,한미사이언스,008930,B+,B+,A,B,2025,,,,,7,7,8,6
1016,KBI동양철관,008970,D,C,D,D,2025,,,,,2,4,2,2
255,케이씨티시,009070,D,C,D,D,2025,,,,,2,4,2,2
897,경인전자,009140,D,D,D,D,2025,,,,,2,2,2,2
634,삼성전기,009150,A,A,A+,B+,2025,,,,,8,8,9,7
947,SIMPAC,009160,D,C,C,D,2025,,,,,2,4,4,2
98,한솔로지스틱스,009180,A,B,A,A,2025,,,,,8,6,8,8
811,대양금속,009190,D,C,D,D,2025,,,,,2,4,2,2
688,무림페이퍼,009200,B+,A,A+,B,2025,,,,,7,8,9,6
104,한샘,009240,B+,A,A+,B,2025,,,,,7,8,9,6
532,신원,009270,B,B+,A+,C,2025,,,,,6,7,9,4
889,광동제약,009290,B,A,A,D,2025,,,,,6,8,8,2
281,참엔지니어링,009310,D,D,D,C,2025,,,,,2,2,2,4
484,아진전자부품,009320,C,B,B+,D,2025,,,,,4,6,7,2
209,태영건설,009410,B+,B+,B,B+,2025,,,사회 등급조정(2025.11.),,7,7,6,7
85,한올바이오파마,009420,C,B,B+,C,2025,,,,,4,6,7,4
1012,KC그린홀딩스,009440,D,C,C,D,2025,,,,,2,4,4,2
903,경동나비엔,009450,B+,A,A+,B,2025,,,,,7,8,9,6
72,한창제지,009460,D,C,D,D,2025,,,,,2,4,2,2
604,삼화전기,009470,D,C,C,D,2025,,,,,2,4,4,2
174,포스코엠텍,009520,A,A,A+,B+,2025,,,,,8,8,9,7
1046,HD한국조선해양,009540,A,A,A,A,2025,,,,,8,8,8,8
689,무림P&P,009580,A,A,A+,B+,2025,,,,,8,8,9,7
691,모토닉,009680,D,C,C,D,2025,,,,,2,4,4,2
611,삼정펄프,009770,D,C,C,D,2025,,,,,2,4,4,2
165,플레이그램,009810,D,D,D,D,2025,,,,,2,2,2,2
66,한화솔루션,009830,A,A,A+,B+,2025,,,,,8,8,9,7
696,명신산업,009900,D,C,C,D,2025,,,,,2,4,4,2
433,영원무역홀딩스,009970,B,B+,B+,B,2025,,,,,6,7,7,6
140,한국내화,010040,C,B+,A,D,2025,,,,,4,7,8,2
411,우리투자증권,010050,등급없음,등급없음,등급없음,B+,2025,,,,,0,0,0,7
962,OCI홀딩스,010060,B+,B+,A,B+,2025,,,,,7,7,8,7
138,한국무브넥스,010100,C,B,B,D,2025,,,,,4,6,6,2
438,엘에스일렉트릭,010120,A,A+,A,A,2025,,,,,8,9,8,8
893,고려아연,010130,B+,A,A,B,2025,,,,,7,8,8,6
631,삼성중공업,010140,B+,A,B+,B+,2025,통합 등급조정(2026.01.),,사회 등급조정(2026.01.),,7,8,7,7
407,우진아이엔에스,010400,C,C,C,C,2025,,,,,4,4,4,4
92,한솔피엔에스,010420,B+,B,B+,B+,2025,,,,,7,6,7,7
424,오리콤,010470,B,D,C,B+,2025,,,,,6,2,4,7
472,에스엠벡셀,010580,D,C,C,D,2025,,,,,2,4,4,2
394,웰바이오텍,010600,D,D,D,D,2025,,,,,2,2,2,2
1042,HD현대미포,010620,A,A,A,A,2025,,,,,8,8,8,8
288,진양폴리우레탄,010640,D,D,D,D,2025,,,,,2,2,2,2
18,화천기계,010660,D,D,D,D,2025,,,,,2,2,2,2
21,화신,010690,B,B+,A+,C,2025,,,,,6,7,9,4
177,평화홀딩스,010770,B,B,B+,B,2025,,,,,6,6,7,6
494,아이에스동서,010780,C,B+,A,D,2025,,,,,4,7,8,2
183,퍼스텍,010820,D,C,C,D,2025,,,,,2,4,4,2
957,S-Oil,010950,A,B+,A+,A,2025,,,,,8,7,9,8
606,삼호개발,010960,B+,B+,B+,B,2025,,,,,7,7,7,6
284,진원생명과학,011000,D,D,D,D,2025,,,,,2,2,2,2
986,LG이노텍,011070,A,A,A+,A,2025,,,,,8,8,9,8
478,에넥스,011090,D,C,D,D,2025,,,,,2,4,2,2
1077,CJ씨푸드,011150,B+,A,A,B,2025,,,,,7,8,8,6
717,롯데케미칼,011170,B+,A,A+,B,2025,,,,,7,8,9,6
1028,HMM,011200,A,A,A+,A,2025,,,,,8,8,9,8
43,현대위아,011210,A+,A+,A+,A,2025,,,,,9,9,9,8
603,삼화전자공업,011230,D,D,D,D,2025,,,,,2,2,2,2
211,태림포장,011280,B,A,A+,D,2025,,,,,6,8,9,2
580,성안머티리얼스,011300,D,D,D,D,2025,,,,,2,2,2,2
384,유니켐,011330,D,C,D,D,2025,,,,,2,4,2,2
659,부산산업,011390,D,C,D,D,2025,,,,,2,4,2,2
906,갤럭시아에스엠,011420,D,D,D,D,2025,,,,,2,2,2,2
110,한농화성,011500,D,C,C,D,2025,,,,,2,4,4,2
417,와이투솔루션,011690,D,C,C,D,2025,,,,,2,4,4,2
88,한신기계공업,011700,C,C,C,C,2025,,,,,4,4,4,4
34,현대코퍼레이션,011760,B,B,B+,B,2025,,,,,6,6,7,6
870,금호석유화학,011780,B,A,A+,C,2025,,,,,6,8,9,4
944,SKC,011790,A,B+,A+,A,2025,,,,,8,7,9,8
922,STX,011810,D,D,C,D,2025,,,,,2,2,4,2
541,신성이엔지,011930,C,C,B,B,2025,,,,,4,4,6,6
1073,DB,012030,C,D,B,C,2025,,,,,4,2,6,4
429,영흥,012160,D,C,D,D,2025,,,,,2,4,2,2
502,아센디오,012170,D,D,D,D,2025,,,,,2,2,2,2
895,계양전기,012200,C,C,C,C,2025,,,,,4,4,4,4
430,영화금속,012280,C,C,C,C,2025,,,,,4,4,4,4
901,경동인베스트,012320,B,C,B+,B,2025,,,,,6,4,7,6
52,현대모비스,012330,B+,B+,A+,B,2025,,,,,7,7,9,6
64,한화에어로스페이스,012450,A,A,A+,B+,2025,,,,,8,8,9,7
785,더존비즈온,012510,C,B+,A,C,2025,,,,,4,7,8,4
278,청호ICT,012600,D,D,D,등급없음,2025,,,,,2,2,2,0
898,경인양행,012610,B,B+,B+,C,2025,,,,,6,7,7,4
1050,HDC,012630,C,A,A+,D,2025,,,,,4,8,9,2
695,모나리자,012690,A,A,A,B+,2025,,,,,8,8,8,7
470,에스원,012750,B+,B+,A,B+,2025,,,,,7,7,8,7
800,대창,012800,D,C,D,D,2025,,,,,2,4,2,2
568,세우글로벌,013000,D,D,D,D,2025,,,,,2,2,2,2
338,일성건설,013360,D,C,C,D,2025,,,,,2,4,4,2
22,화승코퍼레이션,013520,C,B+,A,C,2025,,,,,4,7,8,4
736,디와이,013570,C,C,D,C,2025,,,,,4,4,2,4
896,계룡건설산업,013580,C,B+,C,C,2025,,,사회 등급조정(2025.11.),,4,7,4,4
862,까뮤이앤씨,013700,D,D,D,C,2025,,,,,2,2,2,4
292,지엠비코리아,013870,D,C,C,D,2025,,,,,2,4,4,2
295,지누스,013890,A,A,A+,A,2025,,,,,8,8,9,8
84,한익스프레스,014130,D,C,C,D,2025,,,,,2,4,4,2
810,대영포장,014160,D,D,D,D,2025,,,,,2,2,2,2
398,원익큐브,014190,D,D,C,D,2025,,,,,2,2,4,2
874,금강공업,014280,C,C,D,B,2025,,,,,4,4,2,6
435,영보화학,014440,D,C,C,D,2025,,,,,2,4,4,2
875,극동유화,014530,D,C,C,D,2025,,,,,2,4,4,2
215,태경비케이,014580,D,C,D,D,2025,,,,,2,4,2,2
94,한솔케미칼,014680,B+,B+,A,B+,2025,,,,,7,7,8,7
644,사조씨푸드,014710,B,B,B+,B,2025,,,,,6,6,7,6
1035,HL D&I,014790,A+,A+,A+,A,2025,,,,,9,9,9,8
758,동원시스템즈,014820,A,A,A+,B+,2025,,,,,8,8,9,7
389,유니드,014830,C,B,B+,C,2025,,,,,4,6,7,4
1084,BNK투자증권,014876,등급없음,등급없음,등급없음,B+,2025,,,,,0,0,0,7
582,성문전자,014910,D,C,D,D,2025,,,,,2,4,2,2
352,인디에프,014990,C,D,D,B,2025,,,,,4,2,2,6
360,이스타코,015020,D,D,D,C,2025,,,,,2,2,2,4
799,대창단조,015230,D,C,C,D,2025,,,,,2,4,4,2
457,에이엔피,015260,D,C,D,D,2025,,,,,2,4,2,2
1023,INVENI,015360,B+,B+,B+,B,2025,,,,,7,7,7,6
1067,DKME,015590,D,C,D,D,2025,,,,,2,4,2,2
579,성우하이텍,015750,C,B+,A,D,2025,,,,,4,7,8,2
130,한국전력공사,015760,C,C,D,B+,2025,,,,,4,4,2,7
328,일진홀딩스,015860,C,C,C,B,2025,,,,,4,4,4,6
214,태경산업,015890,C,C,B+,D,2025,,,,,4,4,7,2
789,대현,016090,C,D,D,B,2025,,,,,4,2,2,6
953,SGC E&C,016250,C,B,B+,D,2025,,,,,4,6,7,2
630,삼성증권,016360,A,A,A+,B+,2025,,,,,8,8,9,7
1007,KG스틸,016380,B,B+,B+,C,2025,,,사회 등급조정(2026.01.),,6,7,7,4
99,한세예스24홀딩스,016450,A,B+,A,A,2025,,,,,8,7,8,8
16,환인제약,016580,C,D,B,B,2025,,,,,4,2,6,6
545,신대양제지,016590,D,C,D,D,2025,,,,,2,4,2,2
223,큐캐피탈,016600,D,D,D,D,2025,,,,,2,2,2,2
1070,DB증권,016610,C,C,B+,C,2025,,,,,4,4,7,4
814,대성홀딩스,016710,C,B+,B+,D,2025,,,,,4,7,7,2
744,두올,016740,D,D,C,C,2025,,,,,2,2,4,4
182,퍼시스,016800,C,B,B,C,2025,,,,,4,6,6,4
133,한국씨티은행,016830,등급없음,등급없음,등급없음,B+,2025,,,,,0,0,0,7
405,웅진,016880,B,C,B+,B,2025,,,,,6,4,7,6
888,광명전기,017040,D,C,D,D,2025,,,,,2,4,2,2
697,명문제약,017180,D,D,D,C,2025,,,,,2,2,2,4
409,우신시스템,017370,C,D,C,C,2025,,,,,4,2,4,4
592,서울도시가스,017390,C,C,B,D,2025,,,,,4,4,6,2
554,수산세보틱스,017550,D,C,D,D,2025,,,,,2,4,2,2
932,SK텔레콤,017670,A,A,B+,A,2025,,,사회 등급조정(2025.11.),,8,8,7,8
45,현대엘리베이터,017800,A+,A+,A+,A,2025,,,,,9,9,9,8
169,풀무원,017810,A+,A,A+,A+,2025,,,,,9,8,9,9
1060,DS단석,017860,B+,B,B+,B+,2025,,,,,7,6,7,7
887,광전자,017900,D,C,D,D,2025,,,,,2,4,2,2
1058,E1,017940,B+,A,A+,B,2025,,,,,7,8,9,6
122,한국카본,017960,C,B+,B,D,2025,,,,,4,7,6,2
387,유니슨,018000,C,C,C,C,2025,,,,,4,4,4,4
480,애경산업,018250,A,A,A+,A,2025,,,,,8,8,9,8
635,삼성에스디에스,018260,A,A,A+,A,2025,,,,,8,8,9,8
656,브이티,018290,D,D,D,D,2025,,,,,2,2,2,2
303,조일알미늄,018470,C,C,C,C,2025,,,,,4,4,4,4
761,동원금속,018500,B+,B+,B+,B,2025,,,,,7,7,7,6
943,SK가스,018670,A+,A+,A+,A,2025,,,,,9,9,9,8
86,한온시스템,018880,A,A,A,B+,2025,,,,,8,8,8,7
529,신풍제약,019170,C,C,B+,D,2025,,,,,4,4,7,2
198,티에이치엔,019180,D,C,C,D,2025,,,,,2,4,4,2
570,세아특수강,019440,B+,B+,A,B+,2025,,,,,7,7,8,7
447,엑시큐어하이트론,019490,D,C,D,D,2025,,,,,2,4,2,2
163,플루토스,019570,D,D,D,D,2025,,,,,2,2,2,2
826,대교,019680,B,D,B+,B,2025,,,,,6,2,7,6
103,한섬,020000,A,A,A+,A,2025,,,,,8,8,9,8
218,키다리스튜디오,020120,C,D,C,C,2025,,,,,4,2,4,4
725,롯데에너지머티리얼즈,020150,B+,B+,B+,B,2025,,,,,7,7,7,6
813,대신정보통신,020180,D,D,C,D,2025,,,,,2,2,4,2
500,아시아나항공,020560,B+,A,B+,B+,2025,,,,,7,8,7,7
331,일진디스플,020760,D,C,D,D,2025,,,,,2,4,2,2
588,서원,021050,C,C,D,C,2025,,,,,4,4,2,4
230,코웨이,021240,A,A,A+,B+,2025,,,,,8,8,9,7
1013,KCC건설,021320,C,C,C,B,2025,,,,,4,4,4,6
566,세원정공,021820,D,C,C,D,2025,,,,,2,4,4,2
702,메이슨캐피탈,021880,D,D,D,D,2025,,,,,2,2,2,2
260,케이비캐피탈,021960,등급없음,등급없음,등급없음,B+,2025,,,,,0,0,0,7
176,포스코DX,022100,A,A+,A+,B+,2025,,,,,8,9,9,7
616,삼원강재,023000,B+,B+,B+,A,2025,,,,,7,7,7,8
971,MH에탄올,023150,D,D,D,D,2025,,,,,2,2,2,2
126,한국종합기술,023350,B,C,B,B,2025,,,,,6,4,6,6
377,유진기업,023410,B,A,A+,D,2025,,,,,6,8,9,2
774,동남합성,023450,D,D,C,D,2025,,,,,2,2,4,2
726,롯데쇼핑,023530,A,A,A+,A,2025,,,,,8,8,9,8
830,다우기술,023590,A,A+,A+,B+,2025,,,,,8,9,9,7
121,한국캐피탈,023760,C,D,C,B,2025,,,,,4,2,4,6
348,인지컨트롤스,023800,C,C,C,C,2025,,,,,4,4,4,4
341,인팩,023810,C,C,C,C,2025,,,,,4,4,4,4
464,에쓰씨엔지니어링,023960,D,C,C,D,2025,,,,,2,4,4,2
915,WISCOM,024070,C,C,D,B,2025,,,,,4,4,2,6
741,디씨엠,024090,D,D,D,C,2025,,,,,2,2,2,4
863,기업은행,024110,B,A+,A+,C,2025,통합 등급조정(2025.11.),,,지배구조 등급조정(2025.11.),6,9,9,4
227,콜마홀딩스,024720,A,A,A+,A,2025,,,,,8,8,9,8
803,대원화성,024890,D,C,D,D,2025,,,,,2,4,2,2
735,디와이덕양,024900,C,B,B,D,2025,,,,,4,6,6,2
1001,KPX케미칼,025000,C,C,B,D,2025,,,,,4,4,6,2
548,시노펙스,025320,C,C,C,C,2025,,,,,4,4,4,4
468,에스제이엠홀딩스,025530,C,C,C,C,2025,,,,,4,4,4,4
139,한국단자공업,025540,B,B+,A,C,2025,,,,,6,7,8,4
684,미래산업,025560,D,C,C,D,2025,,,,,2,4,4,2
317,제이준코스메틱,025620,D,D,D,D,2025,,,,,2,2,2,2
90,한솔홈데코,025750,B+,B+,B+,B+,2025,,,,,7,7,7,7
368,이구산업,025820,C,C,D,C,2025,,,,,4,4,2,4
854,남해화학,025860,D,C,C,D,2025,,,,,2,4,4,2
125,한국주강,025890,D,D,D,D,2025,,,,,2,2,2,2
752,동화기업,025900,C,B,B+,D,2025,,,,,4,6,7,2
509,아난티,025980,D,B,C,D,2025,,,,,2,6,4,2
550,스틱인베스트먼트,026890,B+,B+,A,B,2025,,,,,7,7,8,6
660,부국철강,026940,D,D,D,D,2025,,,,,2,2,2,2
770,동서,026960,D,C,C,D,2025,,,,,2,4,4,2
486,아주IB투자,027360,B,C,A,B,2025,,,,,6,4,8,6
1089,BGF,027410,A,A,A+,B+,2025,,,,,8,8,9,7
712,마니커,027740,C,C,C,C,2025,,,,,4,4,4,4
127,한국제지,027970,D,C,C,D,2025,,,,,2,4,4,2
641,삼성E&A,028050,A,A,A,A,2025,,,,,8,8,8,8
765,동아지질,028100,C,C,B,C,2025,,,,,4,4,6,4
638,삼성물산,028260,A,A,A,A+,2025,통합 등급조정(2026.01.),,사회 등급조정(2026.01.),,8,8,8,9
1034,HLB,028300,C,B,C,C,2025,,,,,4,6,4,4
184,팬오션,028670,A,A,A,B+,2025,,,,,8,8,8,7
259,케이씨,029460,C,C,B+,C,2025,,,,,4,4,7,4
544,신도리코,029530,D,C,C,D,2025,,,,,2,4,4,2
628,삼성카드,029780,A,A,A+,A,2025,,,,,8,8,9,8
316,제일기획,030000,B+,A,A,B+,2025,,,,,7,8,8,7
965,NICE평가정보,030190,B+,C,B+,B+,2025,,,,,7,4,7,7
250,케이티,030200,A,A,A,A,2025,,,사회 등급조정(2026.01.),,8,8,8,8
831,다올투자증권,030210,B+,B+,A,B+,2025,,,,,7,7,8,7
111,한글과컴퓨터,030520,C,D,C,C,2025,,,,,4,2,4,4
396,원익홀딩스,030530,C,B,B+,C,2025,,,,,4,6,7,4
883,교보증권,030610,B+,A,A,B+,2025,통합 등급조정(2025.11.),,,지배구조 등급조정(2025.11.),7,8,8,7
759,동원수산,030720,D,D,D,D,2025,,,,,2,2,2,2
590,서울보증보험,031210,등급없음,등급없음,등급없음,B,2025,,,,,0,0,0,6
537,신세계인터내셔날,031430,A,A,A+,B+,2025,,,,,8,8,9,7
536,신세계푸드,031440,A,A,A+,A,2025,,,,,8,8,9,8
489,아이티센씨티에스,031820,C,B+,A,D,2025,,,,,4,7,8,2
161,피에스케이홀딩스,031980,B,B+,B+,C,2025,,,,,6,7,7,4
829,다우데이타,032190,D,D,C,D,2025,,,,,2,2,4,2
729,롯데관광개발,032350,D,D,C,D,2025,,,,,2,2,4,2
253,케이엠더블유,032500,D,D,C,C,2025,,,,,2,2,4,4
15,황금에스티,032560,C,D,D,B,2025,,,,,4,2,2,6
987,LG유플러스,032640,A,A+,A+,A,2025,,,,,8,9,9,8
525,신한카드,032710,등급없음,등급없음,등급없음,A,2025,,,,,0,0,0,8
636,삼성생명,032830,A,A+,A,B+,2025,,,,,8,9,8,7
402,원익,032940,D,D,D,D,2025,,,,,2,2,2,2
322,제룡전기,033100,C,C,D,B,2025,,,,,4,4,2,6
549,시그네틱스,033170,D,C,C,D,2025,,,,,2,4,4,2
1003,KH 필룩스,033180,D,C,D,D,2025,,,,,2,4,2,2
325,자화전자,033240,C,C,B,D,2025,,,,,4,4,6,2
277,체시스,033250,D,C,D,D,2025,,,,,2,4,2,2
390,유나이티드,033270,B+,B,A,B+,2025,,,,,7,6,8,7
946,SJG세종,033530,C,C,B,D,2025,,,,,4,4,6,2
850,네패스,033640,C,B,B+,C,2025,,,,,4,6,7,4
415,우리금융캐피탈,033660,등급없음,등급없음,등급없음,B,2025,,,,,0,0,0,6
247,케이티앤지,033780,A,A,A+,A,2025,,,,,8,8,9,8
687,무학,033920,C,C,C,C,2025,,,,,4,4,4,4
747,두산에너빌리티,034020,B,A,A+,D,2025,,,,,6,8,9,2
956,SBS,034120,B+,B,A,B+,2025,,,,,7,6,8,7
990,LG디스플레이,034220,A,A,A+,B+,2025,,,,,8,8,9,7
191,파라다이스,034230,B+,A,A+,B,2025,,,,,7,8,9,6
966,NICE,034310,B+,B,A,B+,2025,,,,,7,6,8,7
347,인천도시가스,034590,C,D,B,B,2025,,,,,4,2,6,6
945,SK,034730,A,A,A+,A,2025,,,,,8,8,9,8
118,한국토지신탁,034830,D,D,C,D,2025,,,,,2,2,4,2
1026,HS애드,035000,B,C,B,B+,2025,,,,,6,4,6,7
669,백산,035150,D,C,C,D,2025,,,,,2,4,4,2
908,강원랜드,035250,A,A+,A,A,2025,,,,,8,9,8,8
970,NAVER,035420,A,A,A+,A,2025,,,,,8,8,9,8
538,신세계I&C,035510,A,A,A+,A,2025,,,,,8,8,9,8
1005,KG이니시스,035600,C,C,B+,D,2025,,,,,4,4,7,2
275,카카오,035720,A,A,A+,A,2025,,,,,8,8,9,8
1080,CJ ENM,035760,B+,B+,A+,B,2025,,,,,7,7,9,6
1017,JYP Ent.,035900,B+,A,A+,B,2025,,,,,7,8,9,6
248,케이티알파,036030,B+,A,A,B+,2025,,,,,7,8,8,7
229,콘텐트리중앙,036420,D,D,C,D,2025,,,,,2,2,4,2
143,한국가스공사,036460,A,A,A+,B+,2025,,,,,8,8,9,7
925,SNT홀딩스,036530,C,C,C,C,2025,,,,,4,4,4,4
954,SFA반도체,036540,C,C,C,C,2025,,,,,4,4,4,4
993,KZ정밀,036560,B+,B,B+,B+,2025,,,,,7,6,7,7
446,엔씨소프트,036570,A,B+,A,A,2025,,,,,8,7,8,8
186,팜스코,036580,A,B,A,A,2025,,,,,8,6,8,8
623,삼양케이씨아이,036670,A,A,A+,B+,2025,,,,,8,8,9,7
448,에프에스티,036810,C,C,B,D,2025,,,,,4,4,6,2
556,솔브레인홀딩스,036830,A,B+,A+,B+,2025,,,,,8,7,9,7
298,주성엔지니어링,036930,B+,B+,A,B+,2025,,,,,7,7,8,7
914,YG PLUS,037270,C,D,D,B,2025,,,,,4,2,2,6
984,LG헬로비전,037560,A,A,A+,A,2025,,,,,8,8,9,8
886,광주신세계,037710,A,A,A+,A,2025,,,,,8,8,9,8
607,삼표시멘트,038500,A,A,A+,A,2025,,,,,8,8,9,8
355,이오테크닉스,039030,D,C,C,D,2025,,,,,2,4,4,2
150,하나투어,039130,B+,A,A,B+,2025,,,,,7,8,8,7
423,오스코텍,039200,D,D,C,D,2025,,,,,2,2,4,2
217,키움증권,039490,B+,B+,A,B+,2025,,,,,7,7,8,7
1049,HDC랩스,039570,B+,B+,A,B+,2025,,,,,7,7,8,7
913,YTN,040300,D,D,D,C,2025,,,,,2,2,2,4
414,우리기술투자,041190,D,D,D,D,2025,,,,,2,2,2,2
46,현대에버다임,041440,A,B+,A,A,2025,,,,,8,7,8,8
473,에스엠,041510,B+,B+,A,B+,2025,,,,,7,7,8,7
599,상신브레이크,041650,B,B,B,B,2025,,,,,6,6,6,6
271,카페24,042000,C,D,C,B,2025,,,,,4,2,4,6
62,한화오션,042660,C,A,D,D,2025,,,사회 등급조정(2025.11.),,4,8,2,2
1040,HD현대인프라코어,042670,A,A,A+,A,2025,,,,,8,8,9,8
107,한미반도체,042700,D,D,D,D,2025,,,,,2,2,2,2
994,KT지니뮤직,043610,C,D,C,B,2025,,,,,4,2,4,6
296,주연테크,044380,D,D,D,D,2025,,,,,2,2,2,2
998,KSS해운,044450,B+,B+,A,B,2025,,,,,7,7,8,6
241,코스맥스비티아이,044820,A,A,A+,B+,2025,,,,,8,8,9,7
1009,KG모빌리언스,046440,B,C,B+,B,2025,,,,,6,4,7,6
591,서울반도체,046890,C,C,B,D,2025,,,,,4,4,6,2
809,대우건설,047040,A,A,B+,A,2025,,,사회 등급조정(2025.11.),,8,8,7,8
173,포스코인터내셔널,047050,A,B+,A+,A,2025,,,,,8,7,9,8
385,유니온머티리얼,047400,D,C,D,D,2025,,,,,2,4,2,2
114,한국항공우주,047810,A,A,A,B+,2025,,,,,8,8,8,7
51,현대바이오,048410,D,D,D,D,2025,,,,,2,2,2,2
930,SM C&C,048550,D,D,C,D,2025,,,,,2,2,4,2
345,인탑스,049070,B+,B+,A,B,2025,,,,,7,7,8,6
406,우진플라임,049800,D,C,D,D,2025,,,,,2,4,2,2
343,인터플렉스,051370,C,B,B,C,2025,,,,,4,6,6,4
1075,CJ프레시웨이,051500,A,A,A+,B+,2025,,,,,8,8,9,7
79,한전KPS,051600,A,A,A,A,2025,,,사회 등급조정(2025.11.),,8,8,8,8
286,진양화학,051630,D,D,D,D,2025,,,,,2,2,2,2
989,LG생활건강,051900,A,B+,A+,A,2025,,,,,8,7,9,8
983,LG화학,051910,B+,B,A+,B+,2025,,,,,7,6,9,7
50,현대바이오랜드,052260,A+,A+,A+,A,2025,,,,,9,9,9,8
78,한전기술,052690,A,A,A+,B+,2025,,,,,8,8,9,7
249,케이티스카이라이프,053210,B+,B,A,B+,2025,,,,,7,6,8,7
128,한국정보인증,053300,D,D,C,D,2025,,,,,2,2,4,2
365,이니텍,053350,C,C,C,C,2025,,,,,4,4,4,4
166,프로텍,053610,D,C,C,D,2025,,,,,2,4,4,2
108,한미글로벌,053690,B+,A,A+,B,2025,,,,,7,8,9,6
483,안랩,053800,A,B+,A+,B+,2025,,,,,8,7,9,7
836,농우바이오,054050,C,D,D,B,2025,,,,,4,2,2,6
216,키이스트,054780,D,D,D,D,2025,,,,,2,2,2,2
206,테이팩스,055490,B+,B+,A,B+,2025,,,,,7,7,8,7
526,신한지주,055550,A+,A+,A,A+,2025,,,,,9,9,8,9
475,에스에프에이,056190,C,C,C,C,2025,,,,,4,4,4,4
522,신화인터텍,056700,C,C,C,B,2025,,,,,4,4,4,6
30,현대홈쇼핑,057050,A,A,A+,A,2025,,,,,8,8,9,8
175,포스코스틸리온,058430,A,A,A+,B+,2025,,,,,8,8,9,7
713,리노공업,058470,D,D,D,C,2025,,,,,2,2,2,4
465,에스피지,058610,D,D,D,D,2025,,,,,2,2,2,2
569,세아홀딩스,058650,B+,A,A,B+,2025,,,,,7,8,8,7
832,다스코,058730,C,C,C,C,2025,,,,,4,4,4,4
997,KTcs,058850,B+,A,A,B+,2025,,,,,7,8,8,7
996,KTis,058860,A,A,A+,B+,2025,,,,,8,8,9,7
437,엠로,058970,C,B,B+,D,2025,,,,,4,6,7,2
880,국민은행,060000,등급없음,등급없음,등급없음,A,2025,,,,,0,0,0,8
350,인선이엔티,060150,D,C,C,D,2025,,,,,2,4,4,2
969,NHN KCP,060250,C,B,B,C,2025,,,,,4,6,6,4
224,큐렉소,060280,D,D,D,C,2025,,,,,2,2,2,4
979,LS마린솔루션,060370,C,C,D,C,2025,,,,,4,4,2,4
743,드림어스컴퍼니,060570,C,C,B+,C,2025,,,,,4,4,7,4
1029,HL홀딩스,060980,A,A,A+,B+,2025,,,,,8,8,9,7
300,종근당바이오,063160,A,A,A,B+,2025,,,,,8,8,8,7
929,SM Life Design,063440,D,D,D,D,2025,,,,,2,2,2,2
54,현대로템,064350,A+,A+,A+,A,2025,,,,,9,9,9,8
671,바이오니아,064550,C,D,C,C,2025,,,,,4,2,4,4
200,티씨케이,064760,B+,B+,A,B+,2025,,,,,7,7,8,7
927,SNT모티브,064960,D,C,C,D,2025,,,,,2,4,4,2
542,신성델타테크,065350,D,D,D,C,2025,,,,,2,2,2,4
985,LG전자,066570,A,A,A+,B+,2025,,,,,8,8,9,7
439,엘앤에프,066970,B+,B+,A,B,2025,,,,,7,7,8,6
924,SOOP,067160,C,B+,B+,C,2025,통합 등급조정(2025.11.),,,지배구조 등급조정(2025.11.),4,7,7,4
709,멀티캠퍼스,067280,B+,B+,A,B+,2025,,,,,7,7,8,7
158,하나마이크론,067310,C,B+,A,D,2025,,,,,4,7,8,2
1032,HLB생명과학,067630,C,D,C,C,2025,,,,,4,2,4,4
565,세이브존I&C,067830,D,D,C,D,2025,,,,,2,2,4,2
828,다원시스,068240,D,C,C,D,2025,,,,,2,4,4,2
562,셀트리온,068270,A,A,A+,B+,2025,,,,,8,8,9,7
629,삼성출판사,068290,C,D,C,B,2025,,,,,4,2,4,6
561,셀트리온제약,068760,C,B,B+,C,2025,,,,,4,6,7,4
393,웹젠,069080,C,D,D,B,2025,,,,,4,2,2,6
193,티케이지휴켐스,069260,B+,B,A,B,2025,,,,,7,6,8,6
788,대호에이엘,069460,D,C,D,D,2025,,,,,2,4,2,2
807,대웅제약,069620,A,A,A+,B+,2025,,,,,8,8,9,7
100,한세엠케이,069640,B+,B+,B+,B+,2025,,,,,7,7,7,7
1061,DSR제강,069730,D,D,D,D,2025,,,,,2,2,2,2
49,현대백화점,069960,A+,A+,A+,A,2025,,,,,9,9,9,8
96,한솔인티큐브,070590,B+,C,B+,A,2025,,,,,7,4,7,8
693,모나용평,070960,D,C,D,D,2025,,,,,2,4,2,2
141,한국금융지주,071050,B,B,B+,B,2025,,,,,6,6,7,6
146,하이스틸,071090,D,C,C,D,2025,,,,,2,4,4,2
291,지역난방공사,071320,A,A,A+,A,2025,,,,,8,8,9,8
716,롯데하이마트,071840,A,A,A+,A,2025,,,,,8,8,9,8
237,코아스,071950,C,C,C,C,2025,,,,,4,4,4,4
1043,HD현대마린엔진,071970,B,B,B+,B,2025,,,,,6,6,7,6
379,유엔젤,072130,D,D,D,D,2025,,,,,2,2,2,2
837,농심홀딩스,072710,C,B+,A,C,2025,,,,,4,7,8,4
867,금호타이어,073240,A,A,A,B+,2025,,,,,8,8,8,7
400,원익QnC,074600,C,B+,A,D,2025,,,,,4,7,8,2
358,이엔플러스,074610,D,C,D,D,2025,,,,,2,4,2,2
598,새론오토모티브,075180,D,C,D,D,2025,,,,,2,4,2,2
564,세진중공업,075580,D,D,D,C,2025,,,,,2,2,2,4
383,유니퀘스트,077500,D,D,D,D,2025,,,,,2,2,2,2
920,STX엔진,077970,C,C,B,D,2025,,,,,4,4,6,2
204,텔코웨어,078000,D,D,D,C,2025,,,,,2,2,2,4
976,LS증권,078020,C,D,C,B,2025,,,,,4,2,4,6
878,국일제지,078130,D,C,D,D,2025,,,,,2,4,2,2
269,컴투스,078340,A,A,A+,B+,2025,,,,,8,8,9,7
461,에이블씨엔씨,078520,B,B+,A,C,2025,,,,,6,7,8,4
801,대주전자재료,078600,B+,B+,A,B,2025,,,,,7,7,8,6
1054,GS,078930,A,B+,A+,B+,2025,,,,,8,7,9,7
1081,CJ CGV,079160,B+,A+,A+,B,2025,통합 등급조정(2025.11.),,,지배구조 등급조정(2025.11.),7,9,9,6
53,현대리바트,079430,A,B+,A,A,2025,,,,,8,7,8,8
982,LIG넥스원,079550,A,A,A+,A,2025,,,,,8,8,9,8
7,휴비스,079980,B+,B+,A,B+,2025,,,,,7,7,8,7
312,제주반도체,080220,D,C,D,D,2025,,,,,2,4,2,2
332,일진다이아,081000,D,D,C,C,2025,,,,,2,2,4,4
678,미스토홀딩스,081660,B+,B+,A,B+,2025,,,,,7,7,8,7
309,젬백스,082270,D,D,C,D,2025,,,,,2,2,4,2
762,동양생명,082640,B+,A,B+,B+,2025,,,,,7,8,7,7
63,한화엔진,082740,B+,B+,A,B+,2025,,,,,7,7,8,7
876,그린케미칼,083420,D,C,C,D,2025,,,,,2,4,4,2
795,대한제강,084010,D,C,C,D,2025,,,,,2,4,4,2
375,유진테크,084370,D,D,C,D,2025,,,,,2,2,4,2
763,동양고속,084670,C,C,D,C,2025,,,,,4,4,2,4
354,이월드,084680,D,D,C,D,2025,,,,,2,2,4,2
817,대상홀딩스,084690,B,A,A+,C,2025,,,,,6,8,9,4
488,아이티엠반도체,084850,B+,B+,A,B,2025,,,,,7,7,8,6
201,티비에이치글로벌,084870,D,D,C,C,2025,,,,,2,2,4,4
443,엔케이,085310,D,D,C,D,2025,,,,,2,2,4,2
681,미래에셋생명,085620,B+,B+,B+,B+,2025,,,,,7,7,7,7
282,차바이오텍,085660,D,D,C,D,2025,,,,,2,2,4,2
55,현대글로비스,086280,A,A,A+,A,2025,,,,,8,8,9,8
776,동국제약,086450,B+,B+,A,B,2025,,,,,7,7,8,6
452,에코프로,086520,C,B,A,C,2025,,,,,4,6,8,4
159,하나금융지주,086790,A+,A,A,A+,2025,,,,,9,8,8,9
707,메디톡스,086900,C,B+,B,D,2025,,,,지배구조 등급조정(2025.11.),4,7,6,2
179,펩트론,087010,D,D,D,D,2025,,,,,2,2,2,2
68,한화생명,088350,A,A+,A,B+,2025,,,,,8,9,8,7
290,진도,088790,D,D,D,D,2025,,,,,2,2,2,2
205,테크윙,089030,D,C,C,D,2025,,,,,2,4,4,2
1048,HDC현대EP,089470,B+,B+,B+,B,2025,,,,,7,7,7,6
310,제주항공,089590,A,A,A+,A,2025,,,,,8,8,9,8
995,KT나스미디어,089600,B,B,B+,B,2025,,,,,6,6,7,6
728,롯데렌탈,089860,A,A+,A,A,2025,,,,,8,9,8,8
178,평화산업,090080,B,B+,A+,C,2025,,,,,6,7,9,4
842,노루페인트,090350,A,A,A+,B+,2025,,,,,8,8,9,7
730,로보스타,090360,D,D,D,C,2025,,,,,2,2,2,4
700,메타랩스,090370,D,D,D,D,2025,,,,,2,2,2,2
507,아모레퍼시픽,090430,A,A,A+,A,2025,,,,,8,8,9,8
651,비에이치,090460,B,B+,A+,D,2025,,,,,6,7,9,2
42,현대이지웰,090850,A,A,A+,A,2025,,,,,8,8,9,8
567,세원이앤씨,091090,D,D,D,D,2025,,,,,2,2,2,2
357,이엠텍,091120,D,D,D,C,2025,,,,,2,2,2,4
187,파트론,091700,D,C,D,D,2025,,,,,2,4,2,2
196,티웨이항공,091810,B+,B+,B+,B,2025,,,,,7,7,7,6
738,디아이씨,092200,D,C,C,D,2025,,,,,2,4,4,2
1010,KEC,092220,D,C,D,D,2025,,,,,2,4,2,2
1000,KPX홀딩스,092230,C,C,B,D,2025,,,,,4,4,6,2
865,기신정기,092440,D,D,D,D,2025,,,,,2,2,2,2
1059,DYP,092780,D,C,C,D,2025,,,,,2,4,4,2
846,넥스틸,092790,C,C,D,C,2025,,,,,4,4,2,4
992,LF,093050,B+,B+,B+,B+,2025,,,,,7,7,7,7
359,이아이디,093230,D,D,D,D,2025,,,,,2,2,2,2
29,형지엘리트,093240,D,D,D,D,2025,,,,,2,2,2,2
9,후성,093370,B+,B+,A,B,2025,,,,,7,7,8,6
13,효성 ITX,094280,A,A,A+,A,2025,,,,,8,8,9,8
276,칩스앤미디어,094360,C,D,C,B,2025,,,,,4,2,4,6
907,갤럭시아머니트리,094480,C,D,C,C,2025,,,,,4,2,4,4
1022,ISC,095340,C,C,A,C,2025,,,,,4,4,8,4
685,미래나노텍,095500,C,B,B,C,2025,,,,,4,6,6,4
1091,AJ네트웍스,095570,B+,C,A,A,2025,,,,,7,4,8,8
207,테스,095610,C,B,B+,C,2025,,,,,4,6,7,4
852,네오위즈,095660,C,C,B,C,2025,,,,,4,4,6,4
404,웅진씽크빅,095720,C,B,A,C,2025,,,,,4,6,8,4
511,씨젠,096530,B+,B+,A,B,2025,,,,,7,7,8,6
1018,JW홀딩스,096760,B+,B+,A,B+,2025,,,,,7,7,8,7
935,SK이노베이션,096770,A,B+,A+,A+,2025,,,,,8,7,9,9
1037,HJ중공업,097230,B+,A,B+,B+,2025,통합 등급조정(2026.01.),,사회 등급조정(2026.01.),,7,8,7,7
436,엠씨넥스,097520,B+,B,A,B+,2025,,,,,7,6,8,7
1076,CJ제일제당,097950,A,A,A+,A,2025,,,,,8,8,9,8
891,고영,098460,B+,B,A,B,2025,,,,,7,6,8,6
495,아이센스,099190,B+,B,B+,A,2025,,,,,7,6,7,8
936,SK오션플랜트,100090,A,A,A+,A,2025,,,,,8,8,9,8
653,비상교육,100220,C,D,B,D,2025,,,,,4,2,6,2
287,진양홀딩스,100250,D,D,D,D,2025,,,,,2,2,2,2
682,미래에셋벤처투자,100790,D,D,D,D,2025,,,,,2,2,2,2
926,SNT에너지,100840,C,C,D,C,2025,,,,,4,4,2,4
351,인바이오젠,101140,D,D,D,D,2025,,,,,2,2,2,2
453,에코앤드림,101360,D,C,C,D,2025,,,,,2,4,4,2
476,에스앤에스텍,101490,C,D,D,B+,2025,,,,,4,2,2,7
59,해태제과식품,101530,C,B,B+,C,2025,,,,,4,6,7,4
768,동성케미컬,102260,A,A,A+,B+,2025,,,,,8,8,9,7
518,쌍방울,102280,D,D,D,D,2025,,,,,2,2,2,2
356,이연제약,102460,C,D,D,B,2025,,,,,4,2,2,6
232,코오롱생명과학,102940,C,D,C,B,2025,,,,,4,2,4,6
168,풍산,103140,B+,B,A,B+,2025,,,,,7,6,8,7
330,일진전기,103590,D,C,C,D,2025,,,,,2,4,4,2
192,티케이케미칼,104480,D,C,C,D,2025,,,,,2,4,4,2
123,한국철강,104700,C,C,B,C,2025,,,,,4,4,6,4
399,원익머트리얼즈,104830,B+,B+,A,B+,2025,,,,,7,7,8,7
254,케이엔더블유,105330,C,C,B,C,2025,,,,,4,4,6,4
1015,KB금융,105560,A+,A+,A+,A+,2025,,,,,9,9,9,9
101,한세실업,105630,A,B+,A+,A,2025,,,,,8,7,9,8
408,우진,105840,B,C,B,B,2025,,,,,6,4,6,6
675,미원홀딩스,107590,C,C,C,C,2025,,,,,4,4,4,4
975,LX세미콘,108320,A,A,A+,B+,2025,,,,,8,8,9,7
973,LX하우시스,108670,A,A,A,A,2025,,,,,8,8,8,8
563,셀바스AI,108860,D,D,D,D,2025,,,,,2,2,2,2
297,주성코퍼레이션,109070,D,C,C,D,2025,,,,,2,4,4,2
27,호전실업,111110,C,D,D,B+,2025,,,,,4,2,2,7
757,동인기연,111380,C,D,D,B,2025,,,,,4,2,2,6
434,영원무역,111770,B,B+,B+,C,2025,,,,,6,7,7,4
392,위메이드,112040,B+,A,A+,B,2025,,,,,7,8,9,6
512,씨에스윈드,112610,A,A+,A,B+,2025,,,,,8,9,8,7
1055,GKL,114090,A,A+,A,B+,2025,,,,,8,9,8,7
97,한솔아이원스,114810,A,B+,A,A,2025,,,,,8,7,8,8
487,아이패밀리에스씨,114840,C,D,D,B,2025,,,,,4,2,2,6
1031,HLB테라퓨틱스,115450,D,C,C,D,2025,,,,,2,4,4,2
815,대성에너지,117580,B,B+,B+,C,2025,,,,,6,7,7,4
699,메타케어,118000,D,D,D,D,2025,,,,,2,2,2,2
690,모트렉스,118990,C,C,B,D,2025,,,,,4,4,6,2
1011,KC코트렐,119650,D,C,C,D,2025,,,,,2,4,4,2
304,조선선재,120030,D,D,D,C,2025,,,,,2,2,2,4
231,코오롱인더,120110,A,B+,A+,B+,2025,,,,,8,7,9,7
860,나노신소재,121600,C,C,C,C,2025,,,,,4,4,4,4
418,와이지엔터테인먼트,122870,B+,A,A,B+,2025,,,,,7,8,8,7
499,아이마켓코리아,122900,C,C,B+,C,2025,,,,,4,4,7,4
113,한국화장품,123690,D,D,C,D,2025,,,,,2,2,4,2
469,에스제이엠,123700,C,C,C,C,2025,,,,,4,4,4,4
131,한국자산신탁,123890,D,C,C,D,2025,,,,,2,4,4,2
32,현대퓨처넷,126560,A,A,A+,A,2025,,,,,8,8,9,8
1087,BGF에코머티리얼즈,126600,B,B,B,B,2025,,,,,6,6,6,6
20,화신정공,126640,B,C,B+,B,2025,,,,,6,4,7,6
553,수산인더스트리,126720,D,D,D,D,2025,,,,,2,2,2,2
816,대성산업,128820,C,C,B,D,2025,,,,,4,4,6,2
105,한미약품,128940,B,A,A+,C,2025,,,,,6,8,9,4
344,인터지스,129260,C,C,C,B,2025,,,,,4,4,4,6
77,한전산업,130660,C,C,C,C,2025,,,,,4,4,4,4
199,티에스이,131290,D,D,C,D,2025,,,,,2,2,4,2
746,두산테스나,131970,B+,B+,A,B,2025,,,,,7,7,8,6
19,화인베스틸,133820,C,C,D,C,2025,,,,,4,4,2,4
674,미원화학,134380,C,C,C,B,2025,,,,,4,4,4,6
547,시디즈,134790,D,C,D,D,2025,,,,,2,4,2,2
149,하림,136480,A,A,A+,A,2025,,,,,8,8,9,8
583,선진,136490,A,B+,A,A,2025,,,,,8,7,8,8
477,에스디바이오센서,137310,C,C,B,C,2025,,,,,4,4,6,4
160,피엔티,137400,D,D,C,D,2025,,,,,2,2,4,2
706,메리츠금융지주,138040,A,B+,A,A,2025,,,,,8,7,8,8
235,코오롱ENP,138490,B+,B,A,B+,2025,,,,,7,6,8,7
1086,BNK금융지주,138930,A,A+,A+,A,2025,,,,,8,9,9,8
912,iM금융지주,139130,A,A,A,A,2025,,,,,8,8,8,8
364,이마트,139480,A+,A+,A+,A,2025,,,,,9,9,9,8
485,아주스틸,139990,C,C,B,D,2025,,,,,4,4,6,2
701,메지온,140410,D,D,D,D,2025,,,,,2,2,2,2
188,파크시스템스,140860,C,C,D,B,2025,,,,,4,4,2,6
462,에이리츠,140910,C,D,D,B,2025,,,,,4,2,2,6
714,리가켐바이오,141080,B+,B+,A,B,2025,,,,,7,7,8,6
58,핸즈코퍼레이션,143210,D,C,C,D,2025,,,,,2,4,4,2
648,사람인,143240,C,D,C,C,2025,,,,,4,2,4,4
294,지씨셀,144510,B,B+,A,C,2025,,,,,6,7,8,4
4,휴젤,145020,C,C,B+,C,2025,,,,,4,4,7,4
827,다이나믹디자인,145210,D,C,D,D,2025,,,,,2,4,2,2
251,케이탑리츠,145270,D,D,D,D,2025,,,,,2,2,2,2
780,덴티움,145720,D,D,D,D,2025,,,,,2,2,2,2
625,삼양사,145990,A,A,A,B+,2025,,,,,8,8,8,7
1006,KG에코솔루션,151860,C,B,B+,D,2025,,,,,4,6,7,2
1062,DSR,155660,D,C,C,D,2025,,,,,2,4,4,2
479,애경케미칼,161000,A,A,A+,A,2025,,,,,8,8,9,8
119,한국타이어앤테크놀로지,161390,A,B+,A+,B+,2025,,,,지배구조 등급조정(2025.11.),8,7,9,7
120,한국콜마,161890,A,A,A+,B+,2025,,,,,8,8,9,7
756,동일고무벨트,163560,B+,B+,A,B+,2025,,,,,7,7,8,7
157,하나머티리얼즈,166090,B,B+,A+,D,2025,,,,,6,7,9,2
766,동아에스티,170900,A,A,A+,A,2025,,,,,8,8,9,8
584,선익시스템,171090,D,D,D,D,2025,,,,,2,2,2,2
1021,JB금융지주,175330,A,A+,A,A,2025,,,,,8,9,8,8
587,서진시스템,178320,C,C,B,D,2025,,,,,4,4,6,2
961,PI첨단소재,178920,B+,B+,B+,B,2025,,,,,7,7,7,6
374,유티아이,179900,C,D,D,B,2025,,,,,4,2,2,6
74,한진칼,180640,A,A,A,A,2025,,,,,8,8,8,8
444,엔에이치엔,181710,A,A,A+,A,2025,,,,,8,8,9,8
504,아세아시멘트,183190,B+,A,B+,B,2025,,,,,7,8,7,6
243,코미코,183300,B,A,B+,C,2025,,,,,6,8,7,4
301,종근당,185750,A,A,A+,B+,2025,,,,,8,8,9,7
342,인텔리안테크,189300,C,C,B,D,2025,,,,,4,4,6,2
245,코리아에셋투자증권,190650,C,D,B,C,2025,,,,,4,2,6,4
787,더블유게임즈,192080,B,D,C,B+,2025,,,,,6,2,4,7
226,쿠쿠홀딩스,192400,C,D,C,C,2025,,,,,4,2,4,4
905,경남은행,192520,등급없음,등급없음,등급없음,B+,2025,,,,,0,0,0,7
885,광주은행,192530,등급없음,등급없음,등급없음,B+,2025,,,,,0,0,0,7
742,드림텍,192650,B,B,B,B+,2025,,,,,6,6,6,7
242,코스맥스,192820,A,A,A+,B+,2025,,,,,8,8,9,7
319,제이에스코퍼레이션,194370,D,D,D,C,2025,,,,,2,2,2,4
781,데브시스터즈,194480,D,D,D,D,2025,,,,,2,2,2,2
60,해성디에스,195870,A,A,A,B+,2025,,,,,8,8,8,7
1036,HK이노엔,195940,A,A,A+,A,2025,,,,,8,8,9,8
481,알테오젠,196170,C,D,C,C,2025,,,,,4,2,4,4
228,콜마비앤에이치,200130,B+,A,A,B,2025,,,,,7,8,8,6
593,서연이화,200880,B+,B+,A,B,2025,,,,,7,7,8,6
552,스타에스엠리츠,204210,D,D,D,D,2025,,,,,2,2,2,2
320,제이앤티씨,204270,D,C,D,D,2025,,,,,2,4,2,2
1030,HL만도,204320,A,A,A+,A,2025,,,,,8,8,9,8
637,삼성바이오로직스,207940,A,A,A+,A,2025,,,,,8,8,9,8
734,디와이파워,210540,C,C,D,B,2025,,,,,4,4,2,6
940,SK디앤디,210980,A,A+,A+,A,2025,,,,,8,9,9,8
784,덕산네오룩스,213420,C,B,A,D,2025,,,,,4,6,8,2
95,한솔제지,213500,A,A,A+,A,2025,,,,,8,8,9,8
219,클래시스,214150,A,A,A+,A,2025,,,,,8,8,9,8
367,이노션,214320,A,B+,A+,B+,2025,,,,,8,7,9,7
869,금호에이치티,214330,D,C,C,D,2025,,,,,2,4,4,2
267,케어젠,214370,C,D,C,B,2025,,,,,4,2,4,6
899,경보제약,214390,B+,A,A,B,2025,통합 등급조정(2025.11.),,,지배구조 등급조정(2025.11.),7,8,8,6
203,토니모리,214420,C,D,D,B,2025,,,,,4,2,2,6
190,파마리서치,214450,B+,B,A,B+,2025,,,,,7,6,8,7
890,골프존,215000,B,B+,B+,B,2025,,,,,6,7,7,6
708,메가스터디교육,215200,C,D,B,C,2025,,,,,4,2,6,4
346,인크로스,216050,B,D,B,B,2025,,,,,6,2,6,6
844,넵튠,217270,C,D,C,C,2025,,,,,4,2,4,4
397,원익피앤이,217820,D,C,C,D,2025,,,,,2,4,4,2
958,RFHIC,218410,D,C,D,D,2025,,,,,2,4,2,2
515,씨아이에스,222080,D,C,C,D,2025,,,,,2,4,4,2
519,심텍,222800,A,A,A+,B+,2025,,,,,8,8,9,7
845,넥슨게임즈,225570,C,C,B+,D,2025,,,,,4,4,7,2
327,잇츠한불,226320,C,C,C,C,2025,,,,,4,4,4,4
33,현대코퍼레이션홀딩스,227840,B+,B,B+,B+,2025,,,,,7,6,7,7
977,LS에코에너지,229640,C,D,C,B+,2025,,,,,4,2,4,7
420,와이씨,232140,D,C,C,D,2025,,,,,2,4,4,2
1020,JW생명과학,234080,B+,B+,A,B,2025,,,,,7,7,8,6
466,에스티팜,237690,A,A,A+,B+,2025,,,,,8,8,9,7
164,플레이디,237820,B+,B,B+,A,2025,,,,,7,6,7,8
401,원익IPS,240810,B,B+,A,C,2025,,,,,6,7,8,4
748,두산밥캣,241560,A,B+,A,A,2025,,,,,8,7,8,8
24,화승엔터프라이즈,241590,B+,B,A,B+,2025,,,,,7,6,8,7
240,코스메카코리아,241710,C,C,C,C,2025,,,,,4,4,4,4
5,휴온스,243070,A,A,A,A,2025,,,,,8,8,8,8
454,에이플러스에셋,244920,D,D,D,C,2025,,,,,2,2,2,4
450,에코프로비엠,247540,B+,B,A,B,2025,,,,,7,6,8,6
558,솔루엠,248070,C,B,B+,D,2025,,,,,4,6,7,2
596,샘표식품,248170,C,B,B+,D,2025,,,,,4,6,7,2
340,일동제약,249420,B,A,A+,C,2025,,,,,6,8,9,4
843,넷마블,251270,A,B+,A+,A,2025,,,,,8,7,9,8
551,스튜디오드래곤,253450,B+,A,A,B,2025,,,,,7,8,8,6
853,네오셈,253590,D,D,D,D,2025,,,,,2,2,2,2
520,실리콘투,257720,D,D,D,D,2025,,,,,2,2,2,2
220,크래프톤,259960,A,B+,A,A,2025,,,,,8,7,8,8
268,케어랩스,263700,D,D,C,D,2025,,,,,2,2,4,2
181,펄어비스,263750,B+,A,A+,B,2025,,,,,7,8,9,6
222,크라운제과,264900,B,B,B+,B,2025,,,,,6,6,7,6
1045,HD현대,267250,A,A,A+,B+,2025,,,,,8,8,9,7
1039,HD현대일렉트릭,267260,A+,A+,A+,A,2025,,,,,9,9,9,8
1044,HD현대건설기계,267270,A,A,A+,A,2025,,,,,8,8,9,8
902,경동도시가스,267290,C,C,B+,D,2025,,,,,4,4,7,2
501,아시아나IDT,267850,C,C,A,C,2025,,,,,4,4,8,4
710,매일유업,267980,A,A,A+,A,2025,,,,,8,8,9,8
676,미원에스씨,268280,C,C,C,B,2025,,,,,4,4,4,6
426,오리온,271560,B+,B+,A,B+,2025,,,,,7,7,8,7
329,일진하이솔루스,271940,C,C,C,B,2025,,,,,4,4,4,6
315,제일약품,271980,C,B,A,D,2025,,,,,4,6,8,2
65,한화시스템,272210,A,A,A+,B+,2025,,,,,8,8,9,7
366,이녹스첨단소재,272290,B+,B+,B+,B,2025,,,,,7,7,7,6
285,진에어,272450,A,A+,A,A,2025,,,,,8,9,8,8
621,삼양패키징,272550,B,B+,A,C,2025,,,,,6,7,8,4
419,와이즈버즈,273060,D,D,D,C,2025,,,,,2,2,2,4
731,레인보우로보틱스,277810,D,D,D,D,2025,,,,,2,2,2,2
280,천보,278280,D,C,D,D,2025,,,,,2,4,2,2
724,롯데웰푸드,280360,A,A,A,B+,2025,,,,,8,8,8,7
732,레이크머티리얼즈,281740,D,D,C,C,2025,,,,,2,2,4,4
256,케이씨텍,281820,B,B,C,B+,2025,,,,,6,6,4,7
1088,BGF리테일,282330,A+,A+,A+,A,2025,,,,,9,9,9,8
225,쿠쿠홈시스,284740,C,D,C,C,2025,,,,,4,2,4,4
933,SK케미칼,285130,A+,A+,A+,A,2025,,,,,9,9,9,8
723,롯데이노베이트,286940,A,A,A+,A,2025,,,,,8,8,9,8
440,엘앤씨바이오,290650,C,D,C,B+,2025,,,,,4,2,4,7
154,하나제약,293480,C,D,C,C,2025,,,,,4,2,4,4
274,카카오게임즈,293490,A,A,A+,A,2025,,,,,8,8,9,8
859,나우IB,293580,D,D,D,D,2025,,,,,2,2,2,2
1047,HDC현대산업개발,294870,A,A+,A+,B+,2025,,,,,8,9,9,7
10,효성화학,298000,A,A,A+,B+,2025,,,,,8,8,9,7
11,효성티앤씨,298020,A,A,A+,B+,2025,,,,,8,8,9,7
12,효성중공업,298040,B,A,A+,D,2025,,,,,6,8,9,2
1024,HS효성첨단소재,298050,A,A,A+,B+,2025,,,,,8,8,9,7
460,에이비엘바이오,298380,C,D,D,B+,2025,,,,,4,2,2,7
463,에어부산,298690,B,B+,B+,C,2025,,,,,6,7,7,4
83,한일시멘트,300720,B+,A,A+,B,2025,,,,,7,8,9,6
939,SK바이오사이언스,302440,A,B+,A+,A,2025,,,,,8,7,9,8
572,세아제강,306200,B+,B+,A,B+,2025,,,,,7,7,8,7
44,현대오토에버,307950,A,A,A+,B+,2025,,,,,8,8,9,7
510,씨티알모빌리티,308170,C,C,C,C,2025,,,,,4,4,4,4
664,보로노이,310210,D,D,D,C,2025,,,,,2,2,2,4
1079,CJ 바이오사이언스,311690,B+,B,B+,B+,2025,,,,,7,6,7,7
416,우리금융지주,316140,A,A+,A+,B+,2025,,,,지배구조 등급조정(2025.11.),8,9,9,7
783,덕산테코피아,317330,D,C,C,D,2025,,,,,2,4,4,2
326,자이에스앤디,317400,B+,B+,A,B+,2025,,,,,7,7,8,7
162,피에스케이,319660,C,B,B+,C,2025,,,,,4,6,7,4
1041,HD현대에너지솔루션,322000,A,A,A,A,2025,,,,,8,8,8,8
273,카카오뱅크,323410,A,A,A,A,2025,,,,,8,8,8,8
467,에스케이바이오팜,326030,A,A,A,A,2025,,,,,8,8,8,8
715,루닛,328130,C,C,B+,D,2025,,,,,4,4,7,2
1038,HD현대중공업,329180,A,A,A,A,2025,,,,,8,8,8,8
745,두산퓨얼셀,336260,A,A,A+,B+,2025,,,,,8,8,9,7
559,솔루스첨단소재,336370,B+,B+,B+,B,2025,,,,,7,7,7,6
395,원텍,336570,D,D,D,D,2025,,,,,2,2,2,2
882,교촌에프앤비,339770,D,C,D,D,2025,,,,,2,4,2,2
257,케이씨씨글라스,344820,A,A,A,A,2025,,,,,8,8,8,8
847,넥스틴,348210,B+,B+,A,B+,2025,,,,,7,7,8,7
442,엔켐,348370,D,C,C,D,2025,,,,,2,4,4,2
513,씨앤씨인터내셔널,352480,C,D,D,B+,2025,,,,,4,2,2,7
147,하이브,352820,B+,B+,A,B+,2025,,,,,7,7,8,7
823,대덕전자,353200,B+,B+,A+,B,2025,,,,,7,7,9,6
557,솔브레인,357780,A,B+,A+,B+,2025,,,,,8,7,9,7
293,지아이이노베이션,358570,C,D,C,C,2025,,,,,4,2,4,4
937,SK아이이테크놀로지,361610,A,A,A+,B+,2025,,,,,8,8,9,7
197,티와이홀딩스,363280,C,B+,B+,D,2025,,,,,4,7,7,2
578,성일하이텍,365340,D,C,C,D,2025,,,,,2,4,4,2
371,윤성에프앤씨,372170,C,C,D,C,2025,,,,,4,4,2,4
71,한컴라이프케어,372910,C,C,B,D,2025,,,,,4,4,6,2
988,LG에너지솔루션,373220,A,B+,A+,A,2025,,,,,8,7,9,8
1065,DL이앤씨,375500,A,A+,A,B+,2025,,,사회 등급조정(2026.01.),,8,9,8,7
737,디어유,376300,C,D,C,C,2025,,,,,4,2,4,4
272,카카오페이,377300,A,A,A+,A,2025,,,,,8,8,9,8
672,바이오노트,377740,C,D,D,B,2025,,,,,4,2,2,6
25,화승알앤에이,378850,B+,B+,A,B,2025,,,,,7,7,8,6
252,케이카,381970,B,C,B,B,2025,,,,,6,4,6,6
1057,F&F,383220,A,A,A+,A,2025,,,,,8,8,9,8
449,에코프로에이치엔,383310,B+,B+,A,B+,2025,,,,,7,7,8,7
972,LX홀딩스,383800,A,A,A+,B+,2025,,,,,8,8,9,7
786,더블유씨피,393890,D,C,D,D,2025,,,,,2,4,2,2
422,오픈엣지테크놀로지,394280,C,D,D,B,2025,,,,,4,2,2,6
910,가온칩스,399720,D,D,D,C,2025,,,,,2,2,2,4
938,SK스퀘어,402340,A,A,A+,A,2025,,,,,8,8,9,8
516,쏘카,403550,C,D,D,B,2025,,,,,4,2,2,6
1027,HPSP,403870,C,D,C,B,2025,,,,,4,2,4,6
978,LS머트리얼즈,417200,B,C,B,B+,2025,,,,,6,4,6,7
692,모델솔루션,417970,C,C,D,C,2025,,,,지배구조 등급조정(2026.01.),4,4,2,4
318,제이오,418550,D,D,D,C,2025,,,,,2,2,2,4
866,기가비스,420770,C,C,D,B,2025,,,,,4,4,2,6
194,티이엠씨,425040,D,C,C,D,2025,,,,,2,4,4,2
388,유니드비티플러스,446070,C,C,C,C,2025,,,,,4,4,4,4
451,에코프로머티,450080,B+,B,B+,B+,2025,,,,,7,6,7,7
233,코오롱모빌리티그룹,450140,C,D,D,B+,2025,,,,,4,2,2,7
69,한화갤러리아,452260,B,C,B,B+,2025,,,,,6,4,6,7
56,현대그린푸드,453340,A,A,A+,A,2025,,,,,8,8,9,8
749,두산로보틱스,454910,C,D,C,B+,2025,,,,,4,2,4,7
963,OCI,456040,A,B+,A,A,2025,,,,,8,7,8,8
363,이수스페셜티케미컬,457190,D,D,C,C,2025,,,,,2,2,4,4
778,동국씨엠,460850,B+,B+,A,B,2025,,,,,7,7,8,6
777,동국제강,460860,A,B+,A+,B+,2025,,,,,8,7,9,7
305,조선내화,462520,B,B+,A,C,2025,,,,,6,7,8,4
921,STX그린로지스,465770,D,D,D,D,2025,,,,,2,2,2,2
265,케이뱅크,800172,등급없음,등급없음,등급없음,B+,2025,,,,,0,0,0,7
156,하나생명보험,800845,등급없음,등급없음,등급없음,B,2025,,,,,0,0,0,6
1085,BNK캐피탈,801190,등급없음,등급없음,등급없음,B+,2025,,,,,0,0,0,7
202,토스뱅크,801671,등급없음,등급없음,등급없음,B+,2025,,,,,0,0,0,7
458,에이아이에이생명보험,801688,등급없음,등급없음,등급없음,B,2025,,,,,0,0,0,6
459,에이비엘생명보험,804337,등급없음,등급없음,등급없음,B+,2025,,,,,0,0,0,7
117,한국투자증권,804504,등급없음,등급없음,등급없음,D,2025,,,,지배구조 등급조정(2025.11.),0,0,0,2
153,하나증권,805992,등급없음,등급없음,등급없음,B+,2025,,,,지배구조 등급조정(2025.11.),0,0,0,7
445,엔에이치농협캐피탈,806955,등급없음,등급없음,등급없음,A,2025,,,,,0,0,0,8
266,케이디비생명보험,807958,등급없음,등급없음,등급없음,B,2025,,,,,0,0,0,6
151,하나캐피탈,809337,등급없음,등급없음,등급없음,B+,2025,,,,,0,0,0,7
496,아이비케이투자증권,809467,등급없음,등급없음,등급없음,B+,2025,,,,,0,0,0,7
884,교보생명보험,811097,등급없음,등급없음,등급없음,B+,2025,,,,,0,0,0,7
524,신한캐피탈,811323,등급없음,등급없음,등급없음,B+,2025,,,,,0,0,0,7
492,아이엠라이프생명보험,813363,등급없음,등급없음,등급없음,B+,2025,,,,,0,0,0,7
490,아이엠증권,814270,등급없음,등급없음,등급없음,B+,2025,,,,,0,0,0,7
37,현대카드,815419,등급없음,등급없음,등급없음,A,2025,,,,,0,0,0,8
1072,DB생명보험,818158,등급없음,등급없음,등급없음,B,2025,,,,,0,0,0,6
3,흥국생명보험,818586,등급없음,등급없음,등급없음,B+,2025,,,,,0,0,0,7
321,제이비우리캐피탈,818905,등급없음,등급없음,등급없음,B+,2025,,,,,0,0,0,7
497,아이비케이캐피탈,828519,등급없음,등급없음,등급없음,B+,2025,,,,,0,0,0,7
528,신한라이프생명보험,828992,등급없음,등급없음,등급없음,A,2025,,,,,0,0,0,8
498,아이비케이연금보험,829322,등급없음,등급없음,등급없음,B,2025,,,,,0,0,0,6
698,메트라이프생명보험,832969,등급없음,등급없음,등급없음,C,2025,,,,,0,0,0,4
116,한국투자캐피탈,833339,등급없음,등급없음,등급없음,B,2025,,,,,0,0,0,6
36,현대캐피탈,836248,등급없음,등급없음,등급없음,A,2025,,,,,0,0,0,8
652,비씨카드,837726,등급없음,등급없음,등급없음,B,2025,,,,,0,0,0,6
263,케이비라이프생명보험,839185,등급없음,등급없음,등급없음,A,2025,,,,,0,0,0,8
835,농협금융지주,839683,등급없음,등급없음,등급없음,A,2025,,,,,0,0,0,8
968,NH농협손해보험,839719,등급없음,등급없음,등급없음,A,2025,,,,,0,0,0,8
834,농협생명보험,839723,등급없음,등급없음,등급없음,A,2025,,,,,0,0,0,8
833,농협은행,839742,등급없음,등급없음,등급없음,A,2025,,,,,0,0,0,8
679,미래에셋캐피탈,840265,등급없음,등급없음,등급없음,B+,2025,,,,,0,0,0,7
719,롯데카드,854231,등급없음,등급없음,등급없음,A,2025,,,,,0,0,0,8
718,롯데캐피탈,855981,등급없음,등급없음,등급없음,B,2025,,,,,0,0,0,6
152,하나카드,856659,등급없음,등급없음,등급없음,B+,2025,,,,,0,0,0,7
170,푸본현대생명보험,860086,등급없음,등급없음,등급없음,B+,2025,,,,,0,0,0,7
264,케이비국민카드,861717,등급없음,등급없음,등급없음,A,2025,,,,,0,0,0,8
704,메리츠캐피탈,867865,등급없음,등급없음,등급없음,B+,2025,,,,,0,0,0,7
650,비엠더블유파이낸셜서비스코리아,878437,등급없음,등급없음,등급없음,D,2025,,,,,0,0,0,2
412,우리카드,879070,등급없음,등급없음,등급없음,A,2025,,,,,0,0,0,8
733,라이나생명보험,885673,등급없음,등급없음,등급없음,B+,2025,,,,,0,0,0,7
35,현대커머셜,888975,등급없음,등급없음,등급없음,A,2025,,,,,0,0,0,8
